"Period","Ottawa and Gatineau","Kingston","Oshawa","Toronto","St. Catharines-Niagara","Hamilton","Kitchener","Sudbury","London","Windsor","Thunder Bay","Winnipeg","Regina","Saskatoon","Edmonton","Calgary","Abbotsford","Vancouver","Victoria","Saint John","St. John's","Halifax","Montreal","Quebec City","Saguenay","Sherbrooke","Trois-Rivi√®res"
1987.01,33670.23,4382.44,5428.18,151424.20,8798.55,16355.33,11468.80,5987.27,12142.08,7499.22,3953.42,21317.06,6920.55,8105.47,29970.17,46944.46,2209.70,51188.54,8286.28,3215.56,6226.48,10085.33,99277.99,18330.62,3803.30,4406.89,4704.09
1987.02,33946.85,4430.39,5493.04,152237.46,8897.86,16486.47,11625.87,5889.47,12316.89,7567.14,3982.75,21143.10,7060.82,8321.63,30459.81,47559.78,2286.02,52161.03,8416.70,3180.47,6264.39,10350.79,100797.61,18663.25,3859.50,4486.05,4773.30
1987.03,34534.57,4543.76,5639.79,154744.97,9112.89,16840.31,11933.70,6123.18,12628.66,7736.70,4048.21,21167.11,7016.75,8256.24,30935.69,48860.52,2359.94,52823.57,8509.79,3195.50,6446.01,10372.00,102895.68,19088.00,3951.41,4600.17,4846.91
1987.04,35086.80,4637.46,5808.89,157656.74,9327.49,17209.99,12268.59,6153.33,12959.02,7903.73,4124.70,21205.06,6909.32,7833.04,31226.40,50025.70,2400.04,52978.83,8490.08,3332.39,6411.47,10465.88,102865.85,19075.23,3945.34,4591.65,4778.87
1988.01,35299.75,4654.91,5938.48,159413.84,9469.83,17381.40,12485.86,6370.64,13115.44,8021.74,4087.59,20973.79,6662.28,7729.22,31748.94,50908.37,2392.73,53175.22,8541.67,3302.16,6522.05,10222.79,104551.01,19476.41,4023.47,4688.32,4840.61
1988.02,35731.96,4712.79,6031.52,161096.32,9585.11,17563.96,12686.06,6343.99,13328.10,8108.82,4125.85,21262.72,6774.91,7816.00,31959.36,50929.47,2479.17,54545.38,8728.05,3394.86,6609.19,10525.87,105011.77,19603.08,4024.75,4700.17,4824.08
1988.03,35969.32,4753.36,6078.39,161268.97,9646.29,17641.60,12784.11,6378.26,13440.24,8131.49,4139.51,21154.03,6751.56,7684.53,32202.06,51144.87,2514.27,55228.41,8810.97,3364.64,6688.12,10799.35,105144.49,19682.70,4023.40,4708.43,4802.97
1988.04,36139.76,4800.62,6159.84,161937.91,9731.00,17770.94,12924.72,6732.20,13573.56,8184.37,4143.55,21442.31,6747.29,7566.44,32212.02,50110.11,2576.22,56030.41,8933.82,3417.60,6678.15,10745.01,105869.59,19893.99,4063.40,4762.55,4776.96
1989.01,36752.12,4876.35,6271.48,164423.14,9933.12,18041.36,13229.76,6464.74,13887.31,8345.18,4180.55,21276.18,6866.19,7681.21,32627.85,49851.00,2647.46,56907.34,9067.58,3455.68,6743.35,10911.05,106920.36,20042.96,4087.79,4784.60,4762.49
1989.02,36866.98,4896.00,6282.72,164528.70,9927.90,18046.39,13265.33,6838.08,13927.34,8324.21,4187.69,21445.35,6843.06,7521.51,32907.79,50618.50,2662.71,57086.51,9070.46,3433.11,6732.90,10701.19,106284.67,20049.69,4083.50,4777.54,4734.45
1989.03,37147.92,4922.44,6296.42,165167.72,9962.75,18091.83,13367.76,6945.64,14032.61,8335.05,4183.11,21623.29,7013.39,7705.23,32763.71,49744.06,2669.63,57621.72,9112.71,3474.76,6741.84,10552.02,106389.23,20214.32,4090.21,4789.66,4715.84
1989.04,37306.51,4939.72,6344.28,165692.15,10011.07,18137.69,13485.30,6828.43,14140.87,8361.32,4173.55,21719.30,7142.44,7775.71,32741.09,49354.52,2691.47,57858.45,9154.40,3669.20,6728.41,10681.72,107278.96,20425.95,4115.63,4819.94,4800.09
1990.01,37347.35,4977.50,6300.77,164869.05,10003.25,18082.18,13460.52,7416.15,14183.16,8330.70,4176.59,21925.68,7295.78,7919.23,33710.57,49811.11,2763.77,58738.08,9309.15,3476.71,6820.81,10918.10,107941.19,20631.42,4144.29,4845.46,4759.85
1990.02,37064.95,4922.33,6283.39,163010.35,9901.15,17849.36,13372.28,7081.48,14098.98,8258.55,4115.25,21930.86,7341.91,7909.42,33754.26,50248.37,2778.22,58858.33,9331.18,3592.84,6902.03,10937.82,107331.44,20616.13,4127.08,4820.01,4772.29
1990.03,36961.07,4894.74,6244.78,161407.34,9821.81,17626.79,13294.98,6812.88,14051.12,8172.94,4054.11,21914.31,7449.42,8015.53,33813.33,50677.27,2772.92,58944.52,9350.72,3578.42,6905.40,10906.11,106855.22,20677.82,4103.70,4800.99,4748.80
1990.04,36699.23,4840.82,6178.06,158903.98,9659.63,17257.99,13101.54,6232.90,13913.95,8000.50,4004.80,21567.09,7431.62,7981.43,33912.34,51731.51,2763.10,58778.66,9346.89,3551.96,6950.45,10688.85,105275.59,20545.16,4047.76,4744.39,4652.98
1991.01,36370.19,4804.08,6068.36,155918.23,9466.28,16895.75,12839.17,6814.54,13708.21,7784.35,3905.94,20592.77,7512.80,8041.75,33650.68,51405.93,2789.66,59113.30,9382.89,3607.44,6826.64,10898.79,102410.86,20139.25,3919.22,4613.95,4535.69
1991.02,36784.45,4859.05,6163.39,157743.03,9567.33,17079.55,13075.55,6808.37,13928.16,7899.06,3947.62,20770.66,7446.79,7875.44,33487.72,50824.38,2827.04,59875.74,9466.88,3611.52,6830.65,10922.74,103821.65,20475.59,3968.29,4669.50,4585.07
1991.03,36764.59,4889.56,6226.79,157931.18,9609.91,17173.31,13208.18,6894.16,14040.96,7974.91,3958.28,20633.54,7373.69,7804.65,33095.00,50884.28,2839.49,59669.25,9403.52,3546.53,6787.62,10736.09,104072.76,20519.36,3978.91,4680.05,4608.95
1991.04,36800.53,4899.06,6212.80,157283.27,9563.46,17094.23,13201.70,6967.38,14050.99,7956.45,3958.33,20764.63,7412.11,7841.05,33349.98,51805.90,2900.30,60245.05,9511.95,3551.35,6918.13,10765.29,103534.14,20518.25,3956.12,4658.97,4591.38
1992.01,36762.30,4883.87,6221.79,156884.13,9536.93,17021.57,13240.92,6703.63,14069.57,7983.60,3943.88,20854.29,7163.43,7667.95,32930.87,52005.34,2955.78,61195.59,9558.91,3659.37,6848.85,10892.99,103308.95,20518.40,3928.18,4647.45,4575.08
1992.02,36792.02,4896.84,6306.97,157817.19,9590.79,17131.56,13412.39,6901.36,14169.75,8098.02,3952.48,20952.63,7091.66,7584.78,32900.76,51376.59,2959.84,61151.89,9573.49,3526.95,6791.20,10707.58,103901.71,20639.42,3938.51,4670.97,4575.00
1992.03,36739.52,4904.73,6294.43,157661.91,9553.69,17108.47,13445.76,7027.79,14197.42,8092.92,3955.27,21131.71,7123.30,7622.54,33168.98,51863.46,2987.43,61385.11,9634.89,3564.88,6962.95,10800.62,104178.42,20665.91,3944.26,4678.02,4587.54
1992.04,36787.84,4908.94,6375.71,158327.72,9591.08,17159.33,13570.77,7016.47,14272.01,8162.89,3944.61,20896.51,7133.79,7660.04,33216.15,52393.63,3050.09,62719.89,9735.92,3577.26,6988.46,10792.31,103916.27,20667.42,3928.86,4680.37,4637.71
1993.01,36745.17,4911.58,6451.27,158470.83,9616.78,17218.75,13664.79,7120.42,14303.23,8251.58,3936.26,21216.00,7170.64,7657.36,34261.31,53870.24,3083.10,63435.22,9842.34,3570.52,6968.42,10894.23,104849.89,20897.70,3958.68,4734.59,4680.19
1993.02,36696.95,4915.42,6466.96,158488.66,9609.34,17215.90,13710.35,7172.24,14324.29,8279.86,3927.78,21193.25,7282.55,7842.79,34732.62,54873.66,3126.85,63570.20,9841.69,3640.01,7028.00,11041.56,105802.48,20973.64,3970.87,4753.08,4689.72
1993.03,36640.18,4912.72,6515.38,159358.57,9631.49,17262.79,13821.22,7008.56,14392.68,8335.50,3928.25,21285.55,7310.13,7947.82,35211.13,55243.65,3161.04,64178.67,9902.72,3590.84,7117.39,10902.09,106181.59,21022.88,3966.44,4759.75,4705.95
1993.04,36647.89,4920.18,6534.16,160119.11,9633.73,17299.57,13894.95,7103.93,14437.97,8365.42,3928.64,21334.81,7538.39,8375.63,35468.13,55317.73,3214.25,65234.99,10022.48,3548.38,7156.21,10894.99,107181.71,21219.04,3998.40,4808.49,4753.48
1994.01,37143.99,4960.23,6638.36,162458.84,9766.46,17474.31,14123.54,6672.23,14627.62,8508.30,3975.60,21500.62,7490.90,8258.48,37039.06,57207.53,3218.94,65815.94,10062.77,3623.84,7214.28,10993.21,108508.73,21457.34,4042.98,4871.42,4853.40
1994.02,37716.36,5052.35,6817.76,166628.45,9994.18,17932.16,14543.73,6896.46,14960.02,8786.68,4063.22,21818.91,7628.36,8659.26,37466.69,57850.29,3276.50,66751.70,10181.11,3627.81,7407.70,10905.16,108798.29,21523.29,4051.29,4891.06,4824.85
1994.03,38027.78,5097.31,6914.55,168900.28,10116.25,18169.59,14763.19,7074.63,15111.54,8943.19,4098.36,21979.68,7612.80,8674.59,38016.55,59166.86,3330.02,67846.57,10346.91,3609.71,7436.61,11116.55,109845.62,21677.60,4069.71,4923.74,4826.84
1994.04,38322.85,5135.13,7045.22,171822.79,10263.07,18471.43,15045.76,7285.40,15283.60,9146.90,4141.35,22159.59,7582.29,8562.05,38579.04,60268.96,3363.60,68015.57,10374.03,3629.63,7461.48,11050.27,110617.05,21750.16,4089.88,4946.96,4824.88
1995.01,38648.41,5173.78,7205.94,174556.76,10414.83,18717.19,15292.12,6996.43,15461.13,9306.92,4180.54,22199.59,7586.98,8898.68,38456.45,60387.52,3371.98,68012.70,10378.40,3544.76,7493.88,11301.19,110664.86,21680.97,4056.16,4906.91,4829.15
1995.02,38608.89,5156.06,7153.35,174263.90,10348.17,18598.38,15159.83,7241.09,15341.76,9218.02,4148.60,22219.06,7517.69,8653.12,38585.03,60246.05,3401.33,68983.80,10464.88,3651.52,7554.30,11225.20,110800.39,21723.66,4068.61,4915.97,4841.36
1995.03,38598.81,5142.56,7193.39,175758.20,10385.66,18647.08,15224.58,7311.86,15348.53,9269.03,4143.02,22224.57,7482.44,8598.17,38577.29,59542.17,3412.20,68850.95,10454.38,3705.94,7517.54,11300.26,110985.79,21809.35,4087.17,4938.56,4823.69
1995.04,38452.01,5110.61,7185.29,176009.16,10373.63,18606.50,15210.61,7025.04,15298.02,9281.84,4115.43,22354.65,7473.39,8640.75,38711.75,59814.44,3411.08,68695.56,10432.02,3661.21,7645.91,11363.57,110760.07,21743.00,4080.42,4924.58,4789.77
1996.01,38149.32,5071.03,7126.12,176059.95,10303.67,18532.54,15131.47,7373.01,15184.61,9246.96,4064.21,22496.76,7641.17,9048.78,39365.90,60932.68,3477.21,69929.89,10606.23,3608.37,7689.65,11345.33,110706.45,21664.82,4057.60,4889.47,4798.54
1996.02,38069.28,5054.16,7180.53,177533.51,10349.73,18639.87,15234.23,7291.33,15202.81,9353.00,4062.59,22705.69,7630.52,8963.14,39869.12,61311.70,3493.68,70220.60,10652.92,3580.56,7070.98,11376.95,110874.41,21693.60,4072.74,4889.78,4774.02
1996.03,38673.12,5100.67,7247.96,179724.77,10447.21,18822.53,15361.27,7432.57,15309.03,9457.43,4081.58,22803.82,7660.70,9066.84,40273.10,61322.82,3510.49,70559.94,10623.67,3702.71,7375.63,11383.41,111296.24,21651.70,4101.95,4899.77,4778.07
1996.04,38933.55,5121.76,7276.49,181723.90,10502.92,18914.55,15418.67,7494.81,15386.05,9488.70,4083.81,23108.23,7802.98,9290.93,40956.78,61902.79,3510.66,70260.41,10557.07,3749.41,7096.89,11579.73,112560.43,21868.73,4173.32,4950.28,4781.58
1997.01,39588.13,5148.65,7335.83,183465.73,10572.20,18958.33,15455.94,7324.58,15440.11,9500.90,4088.11,23378.81,8114.08,9818.73,43388.31,65090.21,3559.08,71755.91,10817.24,3565.27,7057.70,11885.41,113729.65,21893.78,4184.11,4958.75,4859.76
1997.02,40101.98,5178.90,7450.07,187022.88,10710.40,19212.72,15686.92,7004.74,15624.06,9666.64,4139.08,23562.92,8087.83,9917.13,43548.37,65276.01,3614.29,72920.47,10953.31,3610.30,7178.52,11867.67,114737.81,21993.47,4211.96,4978.97,4864.73
1997.03,40829.71,5251.43,7575.78,191119.06,10866.38,19619.37,15942.63,7592.52,15841.69,9850.69,4182.28,23928.09,8148.65,9859.96,44071.41,65906.60,3667.53,73332.68,10993.49,3765.65,7959.58,12190.81,115871.88,22127.62,4276.46,5021.59,4864.91
1997.04,41205.56,5254.40,7643.88,192900.50,10928.55,19733.41,16036.57,7563.07,15904.35,9915.92,4176.28,24203.39,8102.82,9704.19,45234.60,68525.55,3673.08,73008.27,10853.05,3767.78,7884.43,12035.04,117030.06,22311.13,4322.09,5058.40,4902.08
1998.01,41475.19,5300.07,7803.12,196198.51,11107.34,20011.35,16336.64,7213.23,16136.23,10137.95,4219.53,24337.52,8299.30,10248.09,46802.77,70893.91,3629.22,72914.47,10910.48,3771.07,7111.55,12276.42,116788.41,22215.58,4323.98,5051.27,4835.55
1998.02,41925.65,5312.46,7847.52,197438.09,11157.21,20094.69,16403.39,7336.18,16206.54,10179.37,4196.84,24500.92,8212.08,10116.55,46624.88,70080.83,3609.00,72882.10,10922.74,3803.35,7130.90,12407.81,119073.20,22521.66,4402.34,5130.50,4909.70
1998.03,42230.25,5314.10,7885.45,198547.87,11189.40,20138.59,16420.78,7450.41,16229.52,10193.11,4182.69,24882.31,8229.76,10043.94,46102.70,68320.40,3649.11,74462.97,11115.31,3832.25,7960.15,12590.28,120580.33,22831.19,4450.05,5178.76,4940.12
1998.04,43132.06,5362.31,8081.31,204150.47,11397.64,20677.85,16813.74,7383.31,16515.95,10467.63,4249.54,24907.12,8309.11,10097.42,45376.47,66587.99,3707.13,75282.49,11176.02,3870.69,8655.55,12754.49,122259.26,23147.97,4510.98,5246.34,4982.03
1999.01,44140.14,5478.26,8252.39,209432.55,11669.94,21119.77,17211.68,7786.33,16895.96,10721.87,4336.83,24728.38,8451.08,10108.99,46129.71,68648.88,3714.02,75231.25,11183.53,4002.80,7567.28,13063.09,125115.85,23476.74,4624.90,5381.10,5046.01
1999.02,45034.43,5547.31,8411.72,213449.18,11856.31,21446.47,17513.22,7746.30,17175.96,10916.38,4385.19,25307.06,8536.61,10193.23,46345.31,68529.87,3742.86,75803.71,11246.27,4040.79,8219.01,13268.49,126797.61,23785.84,4673.86,5440.57,5094.68
1999.03,45660.58,5602.57,8619.46,218156.39,12060.88,21851.46,17891.22,7538.15,17480.17,11155.66,4435.50,25266.50,8671.70,10309.46,47096.02,70581.23,3811.91,76825.43,11315.77,4066.13,8233.20,13438.92,128299.34,24009.39,4716.30,5490.98,5166.88
1999.04,46601.72,5680.43,8778.89,222779.71,12255.87,22243.06,18244.84,7742.71,17785.92,11374.04,4489.49,25541.37,8628.64,10283.16,47834.37,71794.61,3869.44,78159.42,11488.70,4100.40,8477.49,13533.16,130840.68,24402.09,4815.34,5609.54,5235.26
2000.01,47331.43,5734.49,8914.73,227346.16,12393.72,22643.29,18540.26,8091.99,18005.48,11548.61,4534.07,25847.06,8683.84,10271.04,49370.47,73061.20,3963.16,79911.03,11689.95,4089.12,8374.87,13615.59,131602.17,24550.86,4860.01,5668.35,5244.81
2000.02,47877.93,5752.12,9010.46,229078.72,12451.32,22768.52,18665.67,8004.01,18095.92,11640.27,4565.72,26096.97,8747.00,10387.65,49946.35,74143.00,3998.58,80207.49,11682.27,4099.57,8443.41,13789.20,133805.09,24779.83,4914.89,5743.82,5318.92
2000.03,48854.28,5830.53,9180.32,233156.17,12625.39,23123.28,18978.72,8057.92,18378.33,11838.15,4626.85,26042.47,8836.34,10499.27,50302.65,73976.42,4022.03,80638.39,11714.51,4195.17,8400.07,13862.40,135101.96,25009.47,4942.79,5790.11,5324.26
2000.04,48794.75,5830.88,9236.23,233536.34,12634.70,23059.31,19028.77,7735.82,18417.83,11853.40,4616.34,26348.61,8925.42,10588.94,51050.02,75166.59,4077.12,81965.34,11907.97,4130.61,8526.48,13694.96,135718.77,25092.54,4950.19,5812.18,5351.47
2001.01,48907.67,5820.90,9152.82,234065.43,12584.88,23022.33,18899.26,7806.19,18371.82,11733.13,4590.84,26386.02,8875.52,10619.19,51768.16,75597.21,4109.82,81565.14,11933.91,4146.40,8427.92,13985.93,135992.07,25332.27,4938.48,5803.61,5269.14
2001.02,49341.38,5838.04,9190.24,235294.59,12569.72,23101.32,18925.53,7868.72,18393.04,11724.12,4584.18,26333.44,8766.30,10251.15,52156.97,77077.91,4105.42,81594.93,11971.39,4121.66,8384.65,14145.25,135556.13,25352.26,4930.80,5808.18,5262.68
2001.03,49783.52,5849.21,9153.86,235046.86,12515.42,23041.44,18842.45,8232.96,18345.08,11631.11,4576.72,26609.55,8879.80,10360.71,52038.15,75534.58,4083.92,81003.01,11867.78,4143.94,8569.10,14412.35,135451.81,25372.39,4951.06,5837.47,5276.30
2001.04,50388.06,5886.46,9196.52,236334.11,12545.22,23116.01,18877.06,8302.74,18400.24,11618.86,4592.56,26942.40,8951.29,10441.50,51359.21,74132.30,4095.05,81500.35,11930.08,4151.35,9061.80,14577.05,136853.20,25766.26,4973.16,5871.77,5281.09
2002.01,50510.44,5897.62,9397.91,240115.21,12688.82,23455.88,19251.13,7413.20,18661.63,11865.56,4607.12,26610.52,8952.75,10559.77,52339.92,76562.06,4216.36,83597.87,12169.87,4218.93,8972.00,14639.10,137633.70,25957.15,4926.45,5848.59,5273.75
2002.02,50821.02,5935.07,9520.82,241445.71,12752.76,23634.47,19400.50,8162.34,18741.18,11946.60,4623.87,26829.84,8938.32,10230.69,52348.14,75611.40,4214.71,84019.94,12288.10,4306.56,9638.39,14852.47,139603.31,26355.78,5054.78,5983.80,5379.53
2002.03,51277.36,5971.85,9615.31,242871.47,12798.92,23756.26,19517.68,8072.80,18844.43,11991.19,4635.58,27413.60,8900.50,10181.55,53278.68,77458.78,4247.61,84753.27,12382.33,4264.65,9314.99,14943.19,139909.07,26392.58,5065.59,6015.01,5420.34
2002.04,51861.61,6016.38,9650.49,243410.90,12841.67,23751.10,19586.91,7948.78,18946.79,11978.55,4663.66,27768.09,8970.44,10325.76,53669.67,77553.91,4280.31,85113.96,12377.82,4283.09,9902.35,15258.69,140527.47,26494.26,5077.08,6045.07,5492.44
2003.01,52519.91,6026.15,9735.41,245435.61,12806.23,23972.76,19701.46,8316.18,18990.77,11995.41,4648.42,27094.83,9181.47,10688.79,54385.60,79021.29,4310.89,84850.87,12226.13,4376.19,9911.83,15172.08,139256.41,26464.43,5044.17,6010.14,5393.69
2003.02,52410.96,6018.12,9751.71,245484.99,12783.64,23933.64,19763.62,7848.26,19020.03,11982.64,4617.35,27266.68,9124.50,10706.98,53838.48,77865.55,4330.46,86175.95,12492.60,4364.73,10098.80,15194.55,139903.08,26667.86,5027.17,6021.34,5413.71
2003.03,52270.55,6022.08,9771.34,245511.01,12774.16,23899.23,19837.01,7782.32,19067.49,11977.99,4583.18,27470.79,9100.76,10576.19,54454.23,79012.31,4379.94,87914.95,12792.19,4287.15,9868.09,15253.98,141182.06,26915.53,5046.69,6065.84,5460.27
2003.04,52582.66,6072.54,9924.83,248874.20,12891.61,24258.16,20181.63,7980.97,19297.21,12157.65,4606.57,27503.23,9060.28,10579.48,55213.10,79536.58,4459.72,89096.16,13002.74,4413.06,9691.84,15491.19,142474.47,27253.32,5107.18,6161.12,5516.77
2004.01,53164.90,6101.42,9912.43,249410.56,12847.61,24225.88,20147.55,8318.98,19288.58,12033.98,4593.64,27672.63,9248.55,10950.05,56870.67,82508.70,4478.12,89404.40,12926.90,4423.02,10043.53,15461.03,141950.29,27160.46,5070.23,6160.97,5489.62
2004.02,53758.39,6164.01,10014.79,252993.04,12961.73,24534.51,20458.39,8378.99,19538.08,12157.91,4622.95,27816.67,9289.54,11086.51,56916.15,82846.99,4527.57,90087.09,13018.92,4460.60,10039.06,15579.07,143103.55,27544.13,5094.48,6199.69,5550.21
2004.03,54259.43,6202.95,10140.98,254990.09,13037.13,24728.75,20679.09,8272.93,19687.74,12235.43,4629.75,28084.69,9414.98,11346.79,57175.44,82923.36,4583.32,91208.25,13185.31,4527.01,9801.34,15557.28,144082.29,27717.27,5126.35,6260.52,5594.10
2004.04,54607.10,6206.41,10222.16,256584.68,13052.01,24821.17,20831.73,8161.70,19765.65,12242.29,4606.65,28328.10,9433.04,11300.04,58049.50,84741.56,4628.68,91783.67,13218.05,4530.87,9641.05,15315.11,144687.98,27821.06,5111.78,6264.86,5630.46
2005.01,54573.86,6256.98,10244.11,258253.09,13079.30,24970.42,21010.72,8616.43,19886.80,12261.58,4598.38,28975.73,9586.59,11647.18,58645.33,84309.27,4645.98,92916.41,13405.71,4545.06,10140.31,15474.72,144288.33,27932.27,5102.18,6271.53,5635.56
2005.02,55241.31,6299.07,10310.09,259784.91,13123.44,25084.12,21170.50,8577.75,19999.64,12281.58,4607.34,28950.40,9549.62,11679.83,59999.51,86682.78,4734.31,94764.75,13659.33,4615.09,10167.40,15709.33,144738.85,27935.99,5083.00,6264.87,5663.18
2005.03,55843.54,6335.85,10363.03,262284.60,13172.17,25229.97,21363.74,8587.70,20114.71,12307.54,4617.44,28971.90,9588.88,11704.29,60698.41,88458.42,4784.07,95251.49,13719.82,4639.62,10317.65,15828.09,146204.29,28250.58,5111.10,6325.75,5737.75
2005.04,56125.53,6397.42,10406.26,264399.55,13234.53,25352.38,21600.25,8487.50,20289.14,12348.65,4624.20,28840.35,9711.79,11890.10,62477.84,91534.43,4832.55,96068.92,13773.40,4650.20,10550.19,15838.15,147252.87,28491.62,5131.81,6366.91,5820.17
2006.01,56859.94,6475.44,10535.60,267175.72,13366.49,25586.17,21914.34,8344.97,20510.82,12441.48,4630.52,29560.71,9641.48,11714.13,63960.28,93727.85,4952.30,97966.00,14130.23,4694.57,10458.44,15847.10,147166.38,28629.60,5110.20,6359.96,5772.65
2006.02,56998.87,6477.70,10490.94,267791.49,13318.37,25552.39,21890.12,8425.25,20449.40,12332.17,4604.30,29705.21,9752.79,11925.78,64330.85,94051.68,4968.13,97721.69,14115.71,4743.87,10742.08,15974.73,147459.53,28853.25,5109.03,6365.84,5802.24
2006.03,57293.78,6479.05,10441.92,267339.57,13253.21,25416.27,21869.86,8324.02,20391.73,12219.71,4567.26,30003.98,9752.19,11971.69,64847.23,94815.12,4991.16,98296.21,14146.82,4771.57,10888.32,15939.27,148174.41,28904.86,5103.51,6374.39,5852.09
2006.04,57937.73,6527.02,10477.54,269814.40,13301.38,25596.55,22019.75,8648.71,20475.25,12208.67,4560.22,30092.98,9848.31,12214.59,64334.47,93544.38,4994.39,98947.30,14320.67,4853.10,11338.58,15979.16,149251.45,29202.09,5110.55,6399.70,5830.23
2007.01,57689.02,6504.56,10416.66,269656.44,13239.83,25408.80,22048.56,8274.35,20399.58,12130.77,4549.23,30527.50,10084.24,12437.66,66190.27,96667.87,5113.87,100775.36,14579.11,4830.03,11717.31,16233.13,149403.90,29302.99,5112.87,6420.09,5882.27
2007.02,58436.83,6592.76,10537.23,272691.31,13372.56,25690.16,22330.43,8521.01,20593.20,12187.77,4577.75,30820.15,10014.38,12461.42,65523.94,95247.11,5158.67,101593.02,14645.39,4889.02,12154.68,16232.29,151881.19,29856.95,5207.74,6541.44,6006.65
2007.03,59253.27,6695.90,10639.72,276314.55,13544.98,26006.13,22659.31,8414.57,20846.77,12267.97,4607.26,31049.36,10180.47,12625.57,66472.71,97192.04,5140.45,101332.32,14602.03,4953.42,12143.10,16360.24,150632.95,29747.69,5140.69,6476.97,5967.26
2007.04,60089.53,6767.74,10703.24,277101.56,13631.68,26031.14,22745.62,8323.90,20900.10,12223.57,4607.80,30652.42,10541.22,13177.90,66599.17,96625.48,5128.55,101250.53,14630.57,4936.59,12042.88,16468.07,151346.35,29773.67,5141.05,6493.28,5975.92
2008.01,59704.02,6683.58,10512.40,274367.42,13395.47,25703.27,22436.28,8627.16,20545.07,11992.26,4548.64,31435.06,10279.00,12893.10,67621.89,97493.89,5194.14,102040.82,14731.76,4947.98,12245.12,16484.31,152885.12,30110.79,5180.19,6533.73,6121.24
2008.02,60112.22,6708.30,10638.61,275295.57,13462.05,25744.06,22599.75,8638.37,20582.59,12008.19,4535.77,31162.52,10638.94,13417.31,68400.22,98067.11,5220.65,102382.90,14875.36,4902.45,12288.42,16580.02,152567.16,30206.84,5159.22,6527.84,6027.50
2008.03,60256.53,6711.11,10663.47,275764.58,13455.48,25741.12,22651.33,8719.94,20523.63,11963.35,4519.41,32094.79,11006.37,13931.21,68797.24,98802.73,5197.74,102333.19,14837.71,4911.11,12240.42,16949.92,153333.47,30511.13,5181.20,6573.66,6002.80
2008.04,59410.92,6588.53,10321.49,269064.37,13119.29,25052.26,22017.70,8531.72,19936.24,11559.10,4417.26,31775.51,10925.27,13740.66,67868.79,96996.61,5204.05,102479.13,14839.22,5217.91,12102.27,16945.86,154260.22,30908.11,5205.67,6611.33,6097.95
2009.01,59234.81,6518.53,10001.14,262210.90,12812.48,24296.87,21267.45,7575.05,19393.85,11043.36,4351.12,31676.93,10967.05,13650.18,66819.13,96384.65,5087.35,99771.57,14481.47,5081.79,11605.68,16985.83,152938.31,30757.19,5174.03,6580.82,6060.40
2009.02,59255.05,6501.09,10024.87,263599.17,12806.17,24297.21,21352.38,7394.66,19369.76,10987.93,4305.52,31600.52,10804.30,13255.78,65401.31,92911.78,5105.04,100116.91,14534.91,4990.76,11150.78,17045.37,151234.48,30563.01,5082.17,6505.67,5856.83
2009.03,60092.87,6591.15,10259.09,268961.66,13033.55,24825.10,21929.05,7550.69,19684.20,11231.08,4360.97,31301.66,10655.98,13060.23,65288.91,92516.77,5113.50,100183.96,14598.81,4873.10,11388.87,16966.48,150369.17,30620.00,5053.83,6469.29,5825.36
2009.04,60424.35,6625.56,10321.74,271603.90,13098.23,25063.31,22188.77,7542.02,19771.24,11287.49,4374.19,31443.48,10715.47,13105.67,66346.75,93969.58,5193.70,101881.64,14791.21,4948.27,11459.74,17137.96,152682.00,31027.60,5120.28,6538.48,5953.38
2010.01,60691.84,6683.52,10373.42,273305.10,13216.26,25218.21,22350.69,7563.02,19847.76,11313.55,4425.05,32069.90,11369.93,13980.91,68477.10,95968.38,5230.63,102939.63,14842.64,5185.78,11761.40,17595.02,154748.53,31370.17,5199.32,6632.43,6071.18
2010.02,61311.46,6744.80,10537.68,276629.66,13348.54,25490.40,22731.91,7701.84,20021.81,11456.06,4485.11,32169.10,11457.16,14090.88,69492.61,97773.06,5237.13,103341.93,14829.21,5114.46,12299.60,17601.93,154329.38,31411.50,5198.68,6645.84,5944.68
2010.03,61841.69,6774.70,10683.26,278528.72,13429.40,25611.59,22908.00,7679.69,20064.36,11483.70,4478.21,32554.66,11430.88,14050.67,70647.30,98582.14,5272.59,104094.68,14785.02,5114.47,12199.66,17703.94,154442.12,31566.86,5203.40,6666.30,5861.98
2010.04,62273.37,6798.58,10688.11,280377.60,13451.39,25669.74,23055.03,7785.48,20085.13,11488.07,4497.77,32564.34,11697.64,14416.38,71733.61,99991.49,5347.60,106129.91,14928.86,5153.53,12708.89,17859.90,156094.28,31824.48,5250.90,6728.19,5934.80
2011.01,61519.36,6758.66,10660.84,281533.58,13410.65,25787.13,23170.11,7979.89,20015.56,11503.42,4504.77,32628.04,11875.42,14655.87,73779.46,102080.23,5403.37,106120.07,14979.40,5162.16,12754.56,17807.11,158234.72,32281.97,5319.68,6788.65,6102.66
2011.02,62136.63,6799.44,10765.72,281962.58,13462.59,25787.93,23185.97,8007.10,19998.13,11452.75,4507.53,32899.91,12154.65,14964.37,73886.03,101362.64,5409.42,106600.71,14944.66,5140.00,12406.30,18140.24,157032.13,31989.76,5268.19,6728.33,5933.17
2011.03,62800.69,6864.84,10956.25,286438.97,13653.06,26162.97,23641.97,8058.00,20232.50,11643.20,4551.53,32948.57,12273.03,15148.49,75965.58,104563.51,5451.42,108054.77,14955.05,5160.49,12669.49,17861.46,157298.54,32093.03,5271.24,6732.36,5875.69
2011.04,63027.91,6887.48,10962.87,288339.64,13703.51,26271.89,23856.20,8041.94,20277.05,11715.74,4578.62,33403.05,12405.78,15318.50,76922.65,105413.40,5475.12,108775.43,14953.76,5135.50,13174.46,17986.58,159088.14,32418.01,5326.29,6783.76,5931.30
2012.01,62909.70,6854.73,10911.77,288728.69,13642.96,26249.60,23872.78,7875.95,20196.76,11683.11,4556.72,33412.58,12364.67,15320.94,78582.68,107289.28,5529.83,108930.07,14847.65,5132.66,12379.91,18072.73,159387.98,32360.26,5324.93,6768.58,5921.97
2012.02,62779.59,6889.82,11129.29,291250.31,13780.23,26390.65,24179.67,7855.36,20341.47,11802.85,4598.08,33522.11,12635.21,15639.09,78983.73,107080.08,5552.62,109719.50,14917.06,5105.27,12421.98,17877.89,160443.30,32681.19,5352.05,6796.96,5843.13
2012.03,62557.28,6897.69,11170.70,291435.07,13803.21,26358.32,24250.08,7805.40,20329.94,11802.96,4605.47,33822.79,12894.01,15902.84,79593.14,107246.10,5616.18,111069.19,15113.55,5038.38,12102.70,18368.79,160887.76,32690.22,5367.51,6807.56,5810.33
2012.04,62458.86,6878.27,11120.13,290457.11,13737.07,26176.08,24138.70,7835.17,20203.10,11700.94,4581.69,33265.55,12979.96,16082.85,80113.24,108089.11,5616.07,111093.69,15009.09,5153.15,12691.56,18251.33,162940.96,33044.48,5444.67,6874.38,5899.97
2013.01,62577.71,6898.53,11151.52,292256.69,13760.07,26220.67,24235.52,7925.73,20214.20,11710.26,4605.48,33687.90,13061.62,16349.24,82078.53,110612.84,5636.96,111740.83,14972.66,5132.49,12999.31,18319.67,162463.68,32934.62,5429.90,6856.07,5817.23
2013.02,62732.48,6934.00,11256.86,295221.83,13853.41,26374.77,24484.45,7949.54,20333.51,11798.75,4643.14,33821.41,13364.02,16754.27,82547.93,110084.68,5702.56,112867.49,15025.54,5153.33,13235.60,18485.19,162669.17,32928.73,5400.16,6813.73,5755.02
2013.03,62870.37,6958.46,11342.89,297295.74,13930.92,26453.14,24692.79,7877.75,20425.31,11871.71,4677.95,34004.48,13470.29,16923.64,83970.09,112060.09,5734.56,113472.40,15020.46,5105.69,13251.78,18622.61,164391.56,33235.40,5454.82,6869.18,5758.46
2013.04,62870.08,6995.57,11392.12,298499.88,13986.22,26495.13,24778.90,8010.73,20480.15,11933.63,4689.43,34007.36,13596.25,17126.81,84865.33,112882.64,5769.21,113950.99,14975.76,5156.26,13104.39,18715.31,165278.05,33281.66,5470.00,6901.76,5755.73
2014.01,63009.09,7023.03,11461.86,300633.10,14055.21,26735.92,24973.25,8016.67,20605.22,11948.10,4696.81,34200.19,13654.43,17087.38,84988.37,113813.90,5812.57,114790.00,15110.19,5185.46,13231.97,18829.64,165689.00,33476.98,5486.43,6947.45,5775.33
2014.02,63196.81,7055.64,11535.42,302705.70,14117.77,26878.76,25155.16,8052.20,20709.41,11995.91,4714.80,34375.79,13763.25,17209.40,85644.79,114757.90,5855.15,115613.00,15172.44,5214.95,13332.83,18964.16,166589.70,33637.31,5505.04,6983.70,5787.45
2014.03,63418.11,7088.46,11611.42,304814.40,14178.14,27020.11,25340.09,8089.61,20815.86,12042.22,4732.62,34571.85,13869.08,17331.18,86290.07,115687.00,5897.24,116475.50,15241.50,5244.29,13423.35,19106.12,167530.00,33801.90,5522.86,7019.98,5804.53
2014.04,63675.81,7120.92,11686.07,306967.30,14236.33,27159.75,25527.78,8128.90,20924.58,12087.03,4750.33,34787.89,13972.26,17452.43,86932.38,116597.20,5938.78,117375.20,15316.23,5273.50,13503.46,19255.54,168509.80,33972.86,5539.90,7056.44,5826.60
2015.01,64050.01,7156.95,11761.47,309147.30,14297.69,27300.41,25744.85,8177.24,21048.96,12121.22,4770.83,35076.49,14085.28,17585.54,87518.42,117418.80,5982.73,118432.00,15416.75,5301.65,13573.81,19455.61,169726.40,34130.65,5557.55,7094.54,5866.34
2015.02,64363.17,7189.98,11836.12,311407.30,14353.74,27442.89,25932.65,8218.80,21161.78,12169.88,4788.34,35320.60,14181.45,17705.48,88184.31,118339.60,6024.70,119399.40,15500.74,5332.14,13634.81,19607.86,170737.60,34279.67,5573.51,7131.91,5894.25
2015.03,64690.12,7222.81,11910.99,313735.90,14408.32,27587.38,26115.89,8260.26,21274.70,12222.75,4805.35,35569.47,14272.16,17822.72,88874.69,119281.70,6066.66,120383.50,15586.39,5363.61,13686.42,19753.65,171730.10,34436.81,5588.85,7169.60,5922.68
2015.04,65036.00,7256.03,11987.38,316161.10,14462.94,27736.77,26296.32,8302.15,21389.36,12280.98,4822.29,35826.24,14358.33,17938.62,89596.06,120253.10,6109.32,121398.90,15675.88,5396.51,13729.31,19894.93,172716.00,34587.73,5603.86,7208.08,5951.96
2016.01,65413.02,7290.04,12062.45,318914.70,14511.48,27883.54,26491.04,8343.69,21505.86,12356.17,4837.14,36101.06,14425.53,18049.72,90434.85,121337.60,6151.49,122475.10,15770.75,5435.12,13744.44,20019.06,173623.30,34814.11,5616.96,7249.71,5982.45
2016.02,65773.93,7321.66,12137.80,321366.70,14562.90,28034.94,26652.47,8384.77,21617.69,12416.02,4853.16,36357.62,14504.44,18159.28,91161.54,122305.70,6193.24,123484.80,15859.39,5467.50,13775.04,20149.08,174579.90,35013.28,5630.66,7287.01,6012.04
2016.03,66140.70,7352.45,12213.33,323788.30,14614.08,28189.29,26801.15,8425.65,21728.24,12474.46,4869.16,36612.30,14582.71,18266.47,91874.25,123256.30,6234.83,124487.30,15947.50,5498.81,13803.42,20276.26,175537.60,35210.43,5644.07,7323.28,6041.74
2016.04,66518.26,7383.03,12290.38,326209.70,14666.52,28349.34,26938.82,8466.85,21839.18,12532.69,4885.55,36868.36,14661.40,18372.64,92579.09,124197.10,6277.01,125497.90,16037.21,5529.49,13830.14,20402.59,176508.30,35405.22,5657.53,7359.02,6071.90
2017.01,66904.75,7409.67,12371.93,328542.70,14717.76,28521.74,27026.97,8506.30,21945.33,12590.02,4901.87,37163.41,14744.25,18477.22,93266.06,125089.60,6317.83,126487.30,16124.06,5567.47,13798.05,20529.01,177600.80,35616.24,5670.74,7394.08,6106.55
2017.02,67290.69,7439.58,12446.82,330921.50,14769.50,28682.74,27153.04,8547.49,22054.24,12644.79,4918.06,37398.11,14819.34,18577.82,93941.83,126004.60,6359.86,127483.40,16212.79,5592.48,13842.50,20647.61,178520.30,35799.75,5683.44,7427.43,6135.04
2017.03,67674.07,7469.03,12518.07,333254.70,14819.24,28838.80,27278.48,8588.37,22160.76,12696.29,4933.63,37610.03,14890.38,18673.81,94596.09,126902.90,6401.12,128456.10,16298.90,5612.46,13906.23,20759.26,179375.10,35969.64,5695.33,7458.93,6161.42
2017.04,68059.95,7498.65,12587.08,335571.00,14868.52,28992.82,27405.12,8629.46,22266.60,12745.71,4949.02,37802.40,14958.41,18766.57,95235.24,127792.80,6442.39,129421.30,16384.51,5627.85,13989.97,20866.00,180177.60,36130.26,5706.76,7489.08,6186.03
2018.01,68447.81,7528.39,12653.70,337864.40,14917.18,29144.45,27532.77,8670.69,22371.61,12792.93,4964.19,37974.90,15023.32,18855.92,95858.63,128673.40,6483.58,130377.20,16469.41,5630.59,14093.68,20967.49,180926.30,36281.38,5717.69,7517.81,6208.82
2018.02,68843.33,7558.91,12719.48,340170.10,14966.83,29296.93,27663.40,8712.69,22477.62,12839.23,4979.59,38131.15,15086.31,18943.41,96473.41,129553.80,6525.55,131341.20,16555.98,5637.49,14218.14,21066.09,181634.80,36422.87,5728.51,7545.66,6230.17
2018.03,69236.40,7588.98,12781.60,342428.40,15014.50,29444.50,27793.38,8754.35,22581.23,12882.25,4994.38,38264.64,15145.20,19026.21,97066.78,130417.80,6566.76,132281.90,16639.95,5649.93,14361.91,21157.67,182278.60,36550.68,5738.51,7571.65,6249.42
2018.04,69632.09,7619.21,12841.48,344668.70,15061.67,29590.05,27924.51,8796.21,22684.14,12923.18,5008.99,38378.61,15201.06,19105.69,97645.15,131273.40,6607.97,133214.80,16723.45,5660.37,14525.73,21244.32,182869.90,36671.55,5748.05,7596.28,6266.88